id,published_date,title,source,tags,crawl_date,tickers,day_name
94624618,2026-04-19,Prediction: It's Not Too Late to Buy Broadcom Stock After Another Win for the Company,finance.yahoo.com,"['Broadcom', 'Broadcom Stock', 'Communication Services', 'Consumer Cyclical', 'Custom Chip', 'Meta Platforms', 'Mtia', 'Stock', 'Technology']",2026-04-19,"['avgo', 'brcm', 'intc', 'iqnt', 'meta', 'nflx', 'nvda']",Sunday
94622595,2026-04-19,This Stock Will Be More Profitable Than Amazon and Meta by 2027,finance.yahoo.com,"['Amazon', 'Communication Services', 'Compound Annual Growth Rate', 'Consumer Cyclical', 'Global Memory', 'Micron', 'Micron Stock', 'Nvidia', 'Operating Income', 'Stock', 'Technology', 'Top 10 Ai Stocks']",2026-04-19,"['amd', 'amzn', 'intc', 'iqnt', 'meta', 'mu', 'nvda']",Sunday
94621400,2026-04-19,Option Traders Chasing Torrid Stock Rally Turn Focus to Earnings,bloomberg.com,"['Financial Services', 'Stock', 'Technology', 'Tiingo Top']",2026-04-19,"['jpm', 'meta', 'msft']",Sunday
94612855,2026-04-18,Broadcom (AVGO) Ranks Among Unrivaled Stocks of the Next 5 Years,finance.yahoo.com,"['Blue Chip Stocks', 'Broadcom Inc.', 'Inc.', 'Meta Platforms', 'Mtia', 'Stock', 'Technology']",2026-04-18,"['avgo', 'brcm', 'meta']",Saturday
94612626,2026-04-18,Meta Platforms (META) Expands AI Chip Deal with Broadcom,insidermonkey.com,"['Stock', 'Technology']",2026-04-18,['meta'],Saturday
94612847,2026-04-18,Meta Platforms (META) Expands AI Chip Deal with Broadcom,finance.yahoo.com,"['Ai Processors', 'Broadcom Inc.', 'Inc.', 'Initial Commitment', 'Meta Platforms', 'Stock', 'Technology']",2026-04-18,"['avgo', 'brcm', 'meta']",Saturday
94612577,2026-04-18,Meta's Earnings Report Is Coming Up. Is It Time to Buy the Growth Stock?,finance.yahoo.com,"['Communication Services', 'Company', 'Consumer Cyclical', 'Earnings Report', 'Investment Cycle', 'Meta Platforms', 'Meta Stock', 'Revenue Growth', 'Stock', 'Technology']",2026-04-18,"['intc', 'iqnt', 'meta', 'nflx', 'nvda']",Saturday
94611885,2026-04-18,Broadcom vs. AMD: Which AI Chipmaker Is the Better Buy?,finance.yahoo.com,"['Advanced Micro Devices', 'Broadcom', 'Communication Services', 'Compound Annual Growth Rate', 'Consumer Cyclical', 'Nvidia', 'Stock', 'Stock Investors', 'Technology']",2026-04-18,"['amd', 'avgo', 'brcm', 'goog', 'googl', 'intc', 'iqnt', 'meta', 'nflx', 'nvda']",Saturday
94610149,2026-04-18,Apple's Smart Glasses Could Launch in 2027. Here's Why Apple Could Succeed Where Others Have Failed.,finance.yahoo.com,"['Apple', 'Apple Intelligence', 'Apple Watch', 'Augmented Reality Glasses', 'Communication Services', 'Consumer Cyclical', 'Smart Glasses', 'Stock', 'Technology']",2026-04-18,"['aapl', 'goog', 'googl', 'intc', 'iqnt', 'meta', 'nflx', 'nvda']",Saturday
94609007,2026-04-18,The Zuckerberg AI Clone Reveals a Brutal Truth About Your Job Security in 2026,finance.yahoo.com,"['Capital Expenditures', 'Emergency Fund', 'Financial Assets', 'Liquid Savings', 'Management Roles', 'Mark Zuckerberg', 'Meta Platforms', 'Nvidia', 'Retirement Savings', 'Stock', 'Technology', 'Twelve Months']",2026-04-18,"['meta', 'nvda']",Saturday
94608647,2026-04-18,Meta Broadcom Chip Alliance Recasts AI Costs And Capacity For Investors,simplywall.st,"['Stock', 'Technology']",2026-04-18,"['brcm', 'goog', 'googl', 'meta', 'msft', 'nvda']",Saturday
94607116,2026-04-18,Is This Bargain Magnificent Seven Stock a Buy in Today's Market? This 1 Metric Answers the Question.,finance.yahoo.com,"['Communication Services', 'Consumer Cyclical', 'Magnificent Seven', 'Meta Platforms', 'Stock', 'Technology']",2026-04-18,"['intc', 'iqnt', 'meta', 'nflx', 'nvda']",Saturday
94603948,2026-04-18,"Meta Plans Fresh Layoffs Starting May, AI Strategy in Focus",insidermonkey.com,"['Stock', 'Technology']",2026-04-18,['meta'],Saturday
94604183,2026-04-18,"Meta Plans Fresh Layoffs Starting May, AI Strategy in Focus",finance.yahoo.com,"['Ai Stock', 'Inc.', 'Mark Zuckerberg', 'Meta Platforms', 'Reddit Stocks', 'Stock', 'Technology']",2026-04-18,['meta'],Saturday
94602156,2026-04-17,5 excellent ASX ETFs to buy next week,fool.com.au,"['Consumer Cyclical', 'Financial Services', 'Healthcare', 'Stock', 'Technology', 'Unknown Sector']",2026-04-17,"['aapl', 'amzn', 'googl', 'jnj', 'meta', 'msft', 'nvda', 'tne', 'v', 'wtc', 'xro']",Friday
94599661,2026-04-17,EXCLUSIVO Meta prev 1 rodada de demisses em massa para 20 de maio,reuters.com,"['2026:Ml_Kbn3Qu2Dt', '2026:Ml_Kbn3Qu2Dt:1', '2026:Ml_Kbn3Qu2Du', '2026:Ml_Kbn3Qu2Du:1', '2026:Ml_L6N4101Ag', '2026:Ml_L6N4101Ag:402357672', 'Consumer Cyclical', 'Guid:Tag:Reuters.Com', 'Stock', 'Technology', 'Usn:Kbn3Qu2Dt', 'Usn:Kbn3Qu2Du', 'Usn:L6N4101Ag', 'Vguid:Tag:Reuters.Com']",2026-04-17,"['amzn', 'meta', 'xyz']",Friday
94598736,2026-04-17,Can Muse Spark Supercharge Meta Platforms (META)’s Ad Business?,insidermonkey.com,"['Stock', 'Technology']",2026-04-17,['meta'],Friday
94599352,2026-04-17,Can Muse Spark Supercharge Meta Platforms (META)’s Ad Business?,finance.yahoo.com,"['Andrew Boone', 'Financial Services', 'Inc.', 'Industrials', 'Meta Platforms', 'Muse Spark', 'Social Media', 'Spark', 'Stock', 'Technology']",2026-04-17,"['cfg', 'cia', 'czfc', 'czwi', 'goog', 'googl', 'meta', 'morn']",Friday
94597547,2026-04-17,EXCLUSIVA Meta tiene previsto realizar primera ronda de despidos el 20 de mayo; habr nuevos recortes a lo largo de 2026,reuters.com,"['2026:Ml_Kbn3Qu287', '2026:Ml_Kbn3Qu287:1', '2026:Ml_Kbn3Qu288', '2026:Ml_Kbn3Qu288:1', '2026:Ml_L6N41017X', '2026:Ml_L6N41017X:823306809', 'Consumer Cyclical', 'Guid:Tag:Reuters.Com', 'Stock', 'Technology', 'Usn:Kbn3Qu287', 'Usn:Kbn3Qu288', 'Usn:L6N41017X', 'Vguid:Tag:Reuters.Com']",2026-04-17,"['amzn', 'meta', 'xyz']",Friday
94596343,2026-04-17,Meta targets May 20 for first wave of layoffs; additional cuts later in 2026,reuters.com,"['2026:Ml_Kbn3Qu267', '2026:Ml_Kbn3Qu267:1', '2026:Ml_Kbn3Qu267:2', '2026:Ml_Kbn3Qu268', '2026:Ml_Kbn3Qu268:1', '2026:Ml_Kbn3Qu268:2', '2026:Ml_L6N4100Wu', '2026:Ml_L6N4100Wu:1435570125', 'Consumer Cyclical', 'Guid:Tag:Reuters.Com', 'Stock', 'Technology', 'Usn:Kbn3Qu267', 'Usn:Kbn3Qu268', 'Usn:L6N4100Wu', 'Vguid:Tag:Reuters.Com']",2026-04-17,"['amzn', 'meta', 'xyz']",Friday
94591250,2026-04-17,AMD Stock Is In Blue Sky Territory — Charts Say Don't Chase It,benzinga.com,"['Ai', 'Financial Services', 'Large Cap', 'News', 'Rsi', 'Stock', 'Technical Indicators', 'Technology', 'Tiingo Top', 'Unknown Sector']",2026-04-17,"['aaic', 'ai', 'amd', 'c', 'meta', 'ne-ws', 'rsi']",Friday
94589744,2026-04-17,Broadcom’s New AI Partnership With Google and Anthropic Could Supercharge the Next Leg of the Rally,finance.yahoo.com,"['Ai Revolution', 'Anthropic', 'Broadcom', 'Broadcom Stock', 'Google', 'Nvidia', 'Stock', 'Technology', 'Top 10 Ai Stocks']",2026-04-17,"['avgo', 'brcm', 'goog', 'googl', 'meta', 'nvda']",Friday
94585249,2026-04-17,Meta’s New AI Model Can Drive the Stock to Fresh Highs,finance.yahoo.com,"['Growth Pathways', 'Iran', 'Meta Platforms', 'Muse Spark', 'Stock', 'Technology', 'Top 10 Ai Stocks']",2026-04-17,"['goog', 'googl', 'meta', 'nvda']",Friday
94581914,2026-04-17,Why April Could Be the Most Important Earnings Season for AI Stocks Since the Boom Began,finance.yahoo.com,"['Communication Services', 'Consumer Cyclical', 'Financial Services', 'Goldman Sachs Analysts', 'Nasdaq', 'Nvidia', 'Revenue Growth', 'Spending', 'Stock', 'Technology', 'Unknown Sector']",2026-04-17,"['amzn', 'goog', 'googl', 'gs', 'gsbd', 'gsf', 'gsj', 'intc', 'iqnt', 'meta', 'msft', 'nbis', 'nvda']",Friday
94580407,2026-04-17,"Iconiq, Go-To Wealth Adviser for Tech’s Elite, Is Putting Billions Into AI",bloomberg.com,"['Financial Services', 'Stock', 'Technology', 'Tiingo Top', 'Unknown Sector']",2026-04-17,"['crm', 'ddog', 'gs', 'meta', 'ms']",Friday
94579338,2026-04-17,Meta Quest Price Hike Tests Reality Labs Margins And User Growth,simplywall.st,"['Industrials', 'Stock', 'Technology', 'Unknown Sector']",2026-04-17,"['aapl', 'meta', 'omqs', 'qrhc']",Friday
94579464,2026-04-17,Wall St Week Ahead Surging record-high US stocks to wade deeper into earnings season,reuters.com,"['2026:Ml_Kbn3Qu0V2', '2026:Ml_Kbn3Qu0V2:1', '2026:Ml_Kbn3Qu0V3', '2026:Ml_Kbn3Qu0V3:1', '2026:Ml_L6N40Z12C', '2026:Ml_L6N40Z12C:977481389', 'Consumer Cyclical', 'Consumer Defensive', 'Guid:Tag:Reuters.Com', 'Industrials', 'Stock', 'Technology', 'Unknown Sector', 'Usn:Kbn3Qu0V2', 'Usn:Kbn3Qu0V3', 'Usn:L6N40Z12C', 'Vguid:Tag:Reuters.Com']",2026-04-17,"['ba', 'bird', 'googl', 'intc', 'meta', 'msft', 'pg', 'tsla']",Friday
94579066,2026-04-17,"I Ranked the ""Magnificent Seven"" Stocks From Best to Worst Buys Right Now",finance.yahoo.com,"['Alphabet', 'Amazon', 'Communication Services', 'Consumer Cyclical', 'Investors', 'Magnificent Seven', 'Meta Platforms', 'Microsoft', 'Nasdaq', 'Nasdaq Composite', 'Nvidia', 'Stock', 'Stock Market', 'Technology']",2026-04-17,"['aapl', 'amzn', 'goog', 'googl', 'intc', 'iqnt', 'meta', 'msft', 'nflx', 'nvda', 'tsla']",Friday
94575779,2026-04-17,China turns Taiwan’s own voices against it in information war,reuters.com,"['2026:Ml_Kbn3Qu0Fi', '2026:Ml_Kbn3Qu0Fi:1', '2026:Ml_Kbn3Qu0Fj', '2026:Ml_Kbn3Qu0Fj:1', '2026:Ml_L6N40Z0D2', '2026:Ml_L6N40Z0D2:1753088538', '2026:Ml_M1L6N40Z0D2', '2026:Ml_M1L6N40Z0D2:1753088538', 'China', 'Guid:Tag:Reuters.Com', 'Stock', 'Taiwan', 'Technology', 'Usn:Kbn3Qu0Fi', 'Usn:Kbn3Qu0Fj', 'Usn:L6N40Z0D2', 'Usn:M1L6N40Z0D2', 'Vguid:Tag:Reuters.Com']",2026-04-17,"['googl', 'meta']",Friday
94574496,2026-04-17,"Apple Marketing Chief for Watch, AirPods, Home and Health Retires",bloomberg.com,"['Stock', 'Technology', 'Tiingo Top']",2026-04-17,"['aapl', 'meta']",Friday
94570799,2026-04-16,Why Apple's Refusal to Aggressively Build Out AI Compute Is Actually a Brilliant Move for Investors,finance.yahoo.com,"['Alphabet', 'Amazon', 'Apple', 'Capital Expenditures', 'Communication Services', 'Consumer Cyclical', 'Stock', 'Technology']",2026-04-16,"['aapl', 'amzn', 'cnsl', 'goog', 'googl', 'intc', 'iqnt', 'meta', 'nflx', 'nvda']",Thursday
94566986,2026-04-16,The $10 Billion Startup Training AI to Replace the White-Collar Workforce,bloomberg.com,"['Consumer Cyclical', 'Stock', 'Technology', 'Tiingo Top', 'Unknown Sector']",2026-04-16,"['amzn', 'googl', 'meta', 'uber', 'xyz']",Thursday
94564283,2026-04-16,"Down 90% Over the Past 5 Years (but Up More Than 30% in April Alone), Is Snap Stock Finally a Buy?",finance.yahoo.com,"['Communication Services', 'Consumer Cyclical', 'Meta Platforms', 'Profitability', 'Snap', 'Stock', 'Stock-Based Compensation', 'Technology']",2026-04-16,"['intc', 'iqnt', 'meta', 'nflx', 'nvda', 'snap']",Thursday
94560746,2026-04-16,Top Bank Revamps CoreWeave Stock Price Target,finance.yahoo.com,"['Bernstein', 'Bernstein Socgen Group', 'Stock', 'Technology', 'Unknown Sector']",2026-04-16,"['crwv', 'meta']",Thursday
94558658,2026-04-16,Previses de ASML e TSMC indicam boom de gastos com IA,reuters.com,"['2026:Ml_Kbn3Qt24Z', '2026:Ml_Kbn3Qt24Z:1', '2026:Ml_Kbn3Qt250', '2026:Ml_Kbn3Qt250:1', '2026:Ml_L6N40Z16Q', '2026:Ml_L6N40Z16Q:1599662719', 'Consumer Cyclical', 'Guid:Tag:Reuters.Com', 'Stock', 'Technology', 'Usn:Kbn3Qt24Z', 'Usn:Kbn3Qt250', 'Usn:L6N40Z16Q', 'Vguid:Tag:Reuters.Com']",2026-04-16,"['aapl', 'amd', 'amzn', 'asml', 'avgo', 'googl', 'intc', 'meta', 'msft', 'nvda']",Thursday
94558171,2026-04-16,Meta vai aumentar preos do headset Quest VR nos EUA,reuters.com,"['2026:Ml_Kbn3Qt243', '2026:Ml_Kbn3Qt243:1', '2026:Ml_L6N40Z16D', '2026:Ml_L6N40Z16D:1661102659', 'Guid:Tag:Reuters.Com', 'Stock', 'Technology', 'Unknown Sector', 'Usn:Kbn3Qt243', 'Usn:L6N40Z16D', 'Vguid:Tag:Reuters.Com']",2026-04-16,"['dell', 'hpq', 'meta', 'msft']",Thursday
94557574,2026-04-16,"Dona da Gucci vai lanar culos do Google no prximo ano, diz presidente",reuters.com,"['2026:Ml_Kbn3Qt218', '2026:Ml_Kbn3Qt218:1', '2026:Ml_Kbn3Qt219', '2026:Ml_Kbn3Qt219:1', '2026:Ml_L6N40Z152', '2026:Ml_L6N40Z152:1872530326', 'Guid:Tag:Reuters.Com', 'Stock', 'Technology', 'Usn:Kbn3Qt218', 'Usn:Kbn3Qt219', 'Usn:L6N40Z152', 'Vguid:Tag:Reuters.Com']",2026-04-16,"['goog', 'googl', 'meta']",Thursday
94557642,2026-04-16,Macron Calls For United EU Front on Youth Social Media Limits,bloomberg.com,"['Stock', 'Technology', 'Tiingo Top']",2026-04-16,"['googl', 'meta', 'snap']",Thursday
94558140,2026-04-16,"Gucci-owner Kering aims to launch luxury Google glasses next year, CEO says",reuters.com,"['2026:Ml_Kbn3Qt1Z9', '2026:Ml_Kbn3Qt1Z9:1', '2026:Ml_Kbn3Qt1Za', '2026:Ml_Kbn3Qt1Za:1', '2026:Ml_L6N40Z10A', '2026:Ml_L6N40Z10A:305734035', '2026:Ml_M1L6N40Z10A', '2026:Ml_M1L6N40Z10A:305734035', 'Guid:Tag:Reuters.Com', 'Stock', 'Technology', 'Usn:Kbn3Qt1Z9', 'Usn:Kbn3Qt1Za', 'Usn:L6N40Z10A', 'Usn:M1L6N40Z10A', 'Vguid:Tag:Reuters.Com']",2026-04-16,"['goog', 'googl', 'meta']",Thursday
94556988,2026-04-16,AMD Gains 6% Ahead of May Earnings: Is the AI Chip Challenger Finally Ready to Rival NVIDIA?,finance.yahoo.com,"['Advanced Micro Devices', 'Amd Stock', 'Autonomous Vehicle', 'Data Center', 'Lisa Su', 'Nvidia', 'Stock', 'Technology', 'Top 10 Ai Stocks', 'Unknown Sector']",2026-04-16,"['amd', 'arm', 'it', 'meta', 'nvda', 'qcom']",Thursday
94556559,2026-04-16,Meta to raise Quest VR headset prices in US on rising component costs,reuters.com,"['2026:Ml_Kbn3Qt1Wd', '2026:Ml_Kbn3Qt1Wd:1', '2026:Ml_Kbn3Qt1Wd:2', '2026:Ml_Kbn3Qt1We', '2026:Ml_Kbn3Qt1We:1', '2026:Ml_Kbn3Qt1We:2', '2026:Ml_L4N40Z1Fz', '2026:Ml_L4N40Z1Fz:1648113068', 'Guid:Tag:Reuters.Com', 'Stock', 'Technology', 'Unknown Sector', 'Usn:Kbn3Qt1Wd', 'Usn:Kbn3Qt1We', 'Usn:L4N40Z1Fz', 'Vguid:Tag:Reuters.Com']",2026-04-16,"['dell', 'googl', 'hpq', 'meta', 'msft']",Thursday
94552884,2026-04-16,"""Apaguen los telfonos mviles y lean"", les dice Macron a los adolescentes franceses",reuters.com,"['2026:Ml_Kbn3Qt1Og', '2026:Ml_Kbn3Qt1Og:1', '2026:Ml_Kbn3Qt1Oh', '2026:Ml_Kbn3Qt1Oh:1', '2026:Ml_L6N40Z0Y8', '2026:Ml_L6N40Z0Y8:1275741531', 'France', 'Guid:Tag:Reuters.Com', 'Stock', 'Technology', 'Usn:Kbn3Qt1Og', 'Usn:Kbn3Qt1Oh', 'Usn:L6N40Z0Y8', 'Vguid:Tag:Reuters.Com']",2026-04-16,"['googl', 'meta', 'snap']",Thursday
94550827,2026-04-16,Jim Cramer Highlights Meta Talent Investment Paying Off,insidermonkey.com,"['Stock', 'Technology']",2026-04-16,['meta'],Thursday
94551751,2026-04-16,Jim Cramer Highlights Meta Talent Investment Paying Off,finance.yahoo.com,"['Inc.', 'Jim Cramer', 'Meta Platforms', 'Stock', 'Technology']",2026-04-16,"['meta', 'nvda']",Thursday
94550892,2026-04-16,Meta Raises Prices of Quest VR Headsets on Growing Memory Costs,bloomberg.com,"['Stock', 'Technology', 'Tiingo Top']",2026-04-16,"['aapl', 'meta', 'msft']",Thursday
94549366,2026-04-16,"Switch off and read, France's Macron tells teenagers",reuters.com,"['2026:Ml_Kbn3Qt1G4', '2026:Ml_Kbn3Qt1G4:1', '2026:Ml_Kbn3Qt1G5', '2026:Ml_Kbn3Qt1G5:1', '2026:Ml_L8N40Z0Jc', '2026:Ml_L8N40Z0Jc:940052553', '2026:Ml_M1L8N40Z0Jc', '2026:Ml_M1L8N40Z0Jc:940052553', 'France', 'Guid:Tag:Reuters.Com', 'Stock', 'Technology', 'Usn:Kbn3Qt1G4', 'Usn:Kbn3Qt1G5', 'Usn:L8N40Z0Jc', 'Usn:M1L8N40Z0Jc', 'Vguid:Tag:Reuters.Com']",2026-04-16,"['googl', 'meta', 'snap']",Thursday
94549298,2026-04-16,CoreWeave Taps US Junk-Debt Market Again With AI Bond Reopening,bloomberg.com,"['Financial Services', 'Stock', 'Technology', 'Tiingo Top']",2026-04-16,"['googl', 'gs', 'jpm', 'meta', 'ms']",Thursday
94545086,2026-04-16,"Strong ASML, TSMC forecasts signal AI spending boom is intact",reuters.com,"['2026:Ml_Kbn3Qt13T', '2026:Ml_Kbn3Qt13T:1', '2026:Ml_Kbn3Qt13T:2', '2026:Ml_Kbn3Qt13U', '2026:Ml_Kbn3Qt13U:1', '2026:Ml_Kbn3Qt13U:2', '2026:Ml_L4N40Y1Gj', '2026:Ml_L4N40Y1Gj:1984503054', 'Consumer Cyclical', 'Guid:Tag:Reuters.Com', 'Stock', 'Technology', 'Usn:Kbn3Qt13T', 'Usn:Kbn3Qt13U', 'Usn:L4N40Y1Gj', 'Vguid:Tag:Reuters.Com']",2026-04-16,"['aapl', 'amd', 'amzn', 'asml', 'avgo', 'intc', 'meta', 'msft', 'nvda']",Thursday
94543391,2026-04-16,Push to Make US Voters Love AI Gives Them New Cause to Fear It,bloomberg.com,"['Consumer Cyclical', 'Industrials', 'Stock', 'Technology', 'Tiingo Top']",2026-04-16,"['amzn', 'ge', 'meta', 'msft']",Thursday
94542464,2026-04-16,Banken und Behrden prfen Cyberrisiken durch neue KI,reuters.com,"['2026:Ml_Kbn3Qt0W2', '2026:Ml_Kbn3Qt0W2:1', '2026:Ml_Kbn3Qt0W3', '2026:Ml_Kbn3Qt0W3:1', '2026:Ml_L8N40Z0Nu', '2026:Ml_L8N40Z0Nu:760720948', 'Guid:Tag:Reuters.Com', 'Stock', 'Technology', 'Usn:Kbn3Qt0W2', 'Usn:Kbn3Qt0W3', 'Usn:L8N40Z0Nu', 'Vguid:Tag:Reuters.Com']",2026-04-16,"['googl', 'meta', 'msft', 'nvda']",Thursday
94540035,2026-04-16,Is Meta Platforms a Hot Internet Content and Information Stock as It Invests Heavily in AI?,insidermonkey.com,"['Stock', 'Technology']",2026-04-16,['meta'],Thursday
94540249,2026-04-16,Is Meta Platforms a Hot Internet Content and Information Stock as It Invests Heavily in AI?,finance.yahoo.com,"['Meta Glasses', 'Meta Platforms', 'Prescription Glasses', 'Stock', 'Technology']",2026-04-16,['meta'],Thursday
94540072,2026-04-16,Prince Harry praises Australia's leadership on social media ban as Meghan tells of online bullying,reuters.com,"['2026:Ml_Kbn3Qt0Kl', '2026:Ml_Kbn3Qt0Kl:1', '2026:Ml_Kbn3Qt0Kl:2', '2026:Ml_Kbn3Qt0Km', '2026:Ml_Kbn3Qt0Km:1', '2026:Ml_L4N40Z0Gs', '2026:Ml_L4N40Z0Gs:745792241', '2026:Ml_M1L4N40Z0Gs', '2026:Ml_M1L4N40Z0Gs:745792241', 'Australia', 'Guid:Tag:Reuters.Com', 'Stock', 'Technology', 'Usn:Kbn3Qt0Kl', 'Usn:Kbn3Qt0Km', 'Usn:L4N40Z0Gs', 'Usn:M1L4N40Z0Gs', 'Vguid:Tag:Reuters.Com']",2026-04-16,"['googl', 'meta']",Thursday
94539719,2026-04-16,Meta Platforms (META) Valuation After Broadcom AI Chip Partnership And MTIA Expansion,simplywall.st,"['Stock', 'Technology']",2026-04-16,"['brcm', 'meta']",Thursday
94534457,2026-04-15,Why Broadcom Stock Climbed Today,finance.yahoo.com,"['Broadcom', 'Broadcom Stock', 'Communication Services', 'Consumer Cyclical', 'Meta Platforms', 'Stock', 'Technology', 'The Motley Fool']",2026-04-16,"['amd', 'avgo', 'brcm', 'intc', 'iqnt', 'meta', 'nflx', 'nvda']",Wednesday
94531906,2026-04-15,"""Hganse responsables"", diceel primer ministro britnico Starmer a las empresas de redes sociales",reuters.com,"['2026:Ml_Kbn3Qs2M6', '2026:Ml_Kbn3Qs2M6:1', '2026:Ml_Kbn3Qs2M7', '2026:Ml_Kbn3Qs2M7:1', '2026:Ml_L6N40Y1Fz', '2026:Ml_L6N40Y1Fz:1882851082', 'Guid:Tag:Reuters.Com', 'Stock', 'Technology', 'Usn:Kbn3Qs2M6', 'Usn:Kbn3Qs2M7', 'Usn:L6N40Y1Fz', 'Vguid:Tag:Reuters.Com']",2026-04-15,"['googl', 'meta', 'snap']",Wednesday
94531817,2026-04-15,'Take responsibility': UK PM Starmer tells social media firms on online safety,reuters.com,"['2026:Ml_Kbn3Qs2L8', '2026:Ml_Kbn3Qs2L8:1', '2026:Ml_Kbn3Qs2L9', '2026:Ml_Kbn3Qs2L9:1', '2026:Ml_L8N40Y10B', '2026:Ml_L8N40Y10B:1138769897', 'Guid:Tag:Reuters.Com', 'Stock', 'Technology', 'Usn:Kbn3Qs2L8', 'Usn:Kbn3Qs2L9', 'Usn:L8N40Y10B', 'Vguid:Tag:Reuters.Com']",2026-04-15,"['googl', 'meta', 'snap']",Wednesday
94531686,2026-04-15,UK’s Starmer Summons US Social Media Firms Over Online Safety,bloomberg.com,"['Stock', 'Technology', 'Tiingo Top']",2026-04-15,"['googl', 'meta', 'snap']",Wednesday
94531015,2026-04-15,Canada Is Mulling Age Restrictions on AI Chatbots and Social Media,bloomberg.com,"['Canada', 'Stock', 'Technology', 'Tiingo Top']",2026-04-15,"['googl', 'meta']",Wednesday
94530272,2026-04-15,"Trump, AI powering a dealmaking boom",reuters.com,"['2026:Ml_L1N40Y0Z3', '2026:Ml_L1N40Y0Z3:2037610685', 'Communication Services', 'Consumer Cyclical', 'Guid:Tag:Reuters.Com', 'Industrials', 'Stock', 'Technology', 'Usn:L1N40Y0Z3', 'Vguid:Tag:Reuters.Com']",2026-04-15,"['aal', 'amzn', 'googl', 'gsat', 'meta', 'ual']",Wednesday
94525306,2026-04-15,CoreWeave Has a Massive $88 Billion Revenue Backlog. Here's Why the Stock Could 10x in 5 Years.,finance.yahoo.com,"['Communication Services', 'Consumer Cyclical', 'Coreweave', 'Data Centers', 'Meta Platforms', 'Stock', 'Technology', 'Unknown Sector']",2026-04-15,"['crwv', 'intc', 'iqnt', 'meta', 'nflx', 'nvda']",Wednesday
94524204,2026-04-15,"Snap Jumps 7%: Slashing 1,000 Jobs and $500M in Costs Has Investors Believing in the Turnaround",finance.yahoo.com,"['Evan Spiegel', 'Gross Margin', 'Nvidia', 'Restructuring', 'Save Snap', 'Snap', 'Stock', 'Technology', 'Top 10 Ai Stocks']",2026-04-15,"['meta', 'nvda', 'snap']",Wednesday
94524461,2026-04-15,Broadcom Expands Meta AI Chip Deal in Win for Investors,finance.yahoo.com,"['Broadcom', 'Communication Services', 'Consumer Cyclical', 'Meta Platforms', 'Meta Stocks', 'Stock', 'Technology']",2026-04-15,"['avgo', 'brcm', 'goog', 'googl', 'intc', 'iqnt', 'meta', 'nflx', 'nvda']",Wednesday
94521473,2026-04-15,Jane Street Commits $7 Billion To CoreWeave In Expanding AI Infrastructure Push,finance.yahoo.com,"['Data Centers', 'Jane Street', 'Stock', 'Technology', 'Unknown Sector']",2026-04-15,"['crwv', 'meta', 'msft', 'nvda']",Wednesday
94520552,2026-04-15,Meta Faces EU Interim Measures Threat Over WhatsApp AI Policies,finance.yahoo.com,"['Europe', 'European Commission', 'Gurufocus', 'Irreparable Harm', 'Meta Platforms Inc', 'Regulatory Pressure', 'Stock', 'Technology', 'Whatsapp']",2026-04-15,['meta'],Wednesday
94518350,2026-04-15,Meta's Massive Artificial Intelligence Investments May Be About to Pay Off for Investors,finance.yahoo.com,"['Alexandr Wang', 'Artificial Intelligence', 'Communication Services', 'Consumer Cyclical', 'Meta Platforms', 'Stock', 'Technology']",2026-04-15,"['goog', 'googl', 'intc', 'iqnt', 'meta', 'nflx', 'nvda']",Wednesday
94518261,2026-04-15,Einsparungen durch KI: Snapchat streicht ein Sechstel der Jobs,reuters.com,"['2026:Ml_Kbn3Qs1Us', '2026:Ml_Kbn3Qs1Us:1', '2026:Ml_Kbn3Qs1Us:2', '2026:Ml_Kbn3Qs1Ut', '2026:Ml_Kbn3Qs1Ut:1', '2026:Ml_L8N40Y1Jx', '2026:Ml_L8N40Y1Jx:1874372780', 'Guid:Tag:Reuters.Com', 'Stock', 'Technology', 'Unknown Sector', 'Usn:Kbn3Qs1Us', 'Usn:Kbn3Qs1Ut', 'Usn:L8N40Y1Jx', 'Vguid:Tag:Reuters.Com']",2026-04-15,"['googl', 'meta', 'msft', 'rddt', 'snap']",Wednesday
94517789,2026-04-15,Why I Can’t Stop Buying Neocloud Leader Nebius Group,finance.yahoo.com,"['Arkady Volozh', 'Nebius', 'Nvidia', 'Stock', 'Technology', 'Top 10 Ai Stocks', 'Unknown Sector']",2026-04-15,"['meta', 'msft', 'nbis', 'net', 'nvda', 'shop']",Wednesday
94515711,2026-04-15,CoreWeave’s Winning Streak Goes to 3: Jane Street to Spend $6 Billion for AI Cloud Access,finance.yahoo.com,"['Ai Developers', 'Ai Infrastructure', 'Anthropic', 'Cloud Services', 'Data Centers', 'Jane Street', 'Model Providers', 'Nvidia', 'Quantitative Trading', 'Stock', 'Technology', 'Top 10 Ai Stocks', 'Unknown Sector']",2026-04-15,"['crwv', 'meta', 'nvda']",Wednesday
94514901,2026-04-15,"Wall Street consolide, les rsultats de socits en soutien",reuters.com,"['2026:Ml_Kbn3Qs1Ml', '2026:Ml_Kbn3Qs1Ml-Ofrbs', '2026:Ml_Kbn3Qs1Ml-Ofrbs:1', '2026:Ml_Kbn3Qs1Ml:1', '2026:Ml_Kbn3Qs1Mm', '2026:Ml_Kbn3Qs1Mm-Ofrbs', '2026:Ml_Kbn3Qs1Mm-Ofrbs:1', '2026:Ml_Kbn3Qs1Mm:1', '2026:Ml_L8N40Y0Uw', '2026:Ml_L8N40Y0Uw:1426804759', 'Consumer Cyclical', 'Financial Services', 'Guid:Tag:Reuters.Com', 'Stock', 'Technology', 'Usn:Kbn3Qs1Ml', 'Usn:Kbn3Qs1Ml-Ofrbs', 'Usn:Kbn3Qs1Mm', 'Usn:Kbn3Qs1Mm-Ofrbs', 'Usn:L8N40Y0Uw', 'Vguid:Tag:Reuters.Com']",2026-04-15,"['avgo', 'bac', 'meta', 'ms', 'nke', 'snap']",Wednesday
94514993,2026-04-15,"EU warns Meta WhatsApp AI fee breaches antitrust rules, orders rollback",reuters.com,"['2026:Ml_Kbn3Qs1Ec', '2026:Ml_Kbn3Qs1Ec:1', '2026:Ml_Kbn3Qs1Ec:2', '2026:Ml_Kbn3Qs1Ec:3', '2026:Ml_Kbn3Qs1Ec:4', '2026:Ml_Kbn3Qs1Ed', '2026:Ml_Kbn3Qs1Ed:1', '2026:Ml_Kbn3Qs1Ed:2', '2026:Ml_Kbn3Qs1Ed:3', '2026:Ml_L6N40Y0Vi', '2026:Ml_L6N40Y0Vi:555969004', '2026:Ml_S8N3Zf026', 'Guid:Tag:Reuters.Com', 'Stock', 'Technology', 'Usn:Kbn3Qs1Ec', 'Usn:Kbn3Qs1Ed', 'Usn:L6N40Y0Vi', 'Usn:S8N3Zf026', 'Vguid:Tag:Reuters.Com']",2026-04-15,['meta'],Wednesday
94513575,2026-04-15,EU mahnt Meta wegen Gebhren fr KI-Assistenten von Dritten ab,reuters.com,"['2026:Ml_Kbn3Qs1I0', '2026:Ml_Kbn3Qs1I0:1', '2026:Ml_Kbn3Qs1I1', '2026:Ml_Kbn3Qs1I1:1', '2026:Ml_L8N40Y1Am', '2026:Ml_L8N40Y1Am:652347143', 'Guid:Tag:Reuters.Com', 'Stock', 'Technology', 'Unknown Sector', 'Usn:Kbn3Qs1I0', 'Usn:Kbn3Qs1I1', 'Usn:L8N40Y1Am', 'Vguid:Tag:Reuters.Com']",2026-04-15,"['googl', 'meta', 'msft', 'rddt', 'snap']",Wednesday
94514328,2026-04-15,Is Meta Platforms (META) The Best AI Stock in Brad Gerstner’s 2026 Portfolio?,finance.yahoo.com,"['Ai Bull Brad Gerstner', 'Ai Stock', 'Meta Platforms', 'Stock', 'Technology']",2026-04-15,['meta'],Wednesday
94512043,2026-04-15,Meta Threatened With EU Restrictions Over WhatsApp AI Concerns,bloomberg.com,"['Stock', 'Technology', 'Tiingo Top']",2026-04-15,['meta'],Wednesday
94511876,2026-04-15,"Jane Street signs $6 billion AI cloud deal with CoreWeave, boosts stake",reuters.com,"['2026:Ml_Kbn3Qs1Cu', '2026:Ml_Kbn3Qs1Cu:1', '2026:Ml_Kbn3Qs1Cu:2', '2026:Ml_Kbn3Qs1Cv', '2026:Ml_Kbn3Qs1Cv:1', '2026:Ml_Kbn3Qs1Cv:2', '2026:Ml_L4N40Y138', '2026:Ml_L4N40Y138:1927508849', 'Guid:Tag:Reuters.Com', 'Stock', 'Technology', 'Unknown Sector', 'Usn:Kbn3Qs1Cu', 'Usn:Kbn3Qs1Cv', 'Usn:L4N40Y138', 'Vguid:Tag:Reuters.Com']",2026-04-15,"['crwv', 'meta']",Wednesday
94510495,2026-04-15,Companies cutting jobs as investments shift toward AI,reuters.com,"['2026:Ml_Kbn3Pf1Zj', '2026:Ml_Kbn3Pf1Zj:1', '2026:Ml_Kbn3Pf1Zj:10', '2026:Ml_Kbn3Pf1Zj:11', '2026:Ml_Kbn3Pf1Zj:2', '2026:Ml_Kbn3Pf1Zj:3', '2026:Ml_Kbn3Pf1Zj:4', '2026:Ml_Kbn3Pf1Zj:5', '2026:Ml_Kbn3Pf1Zj:6', '2026:Ml_Kbn3Pf1Zj:7', '2026:Ml_Kbn3Pf1Zj:8', '2026:Ml_Kbn3Pf1Zj:9', '2026:Ml_Kbn3Pf1Zk', '2026:Ml_Kbn3Pf1Zk:1', '2026:Ml_Kbn3Pf1Zk:2', '2026:Ml_Kbn3Pf1Zk:3', '2026:Ml_Kbn3Pf1Zk:4', '2026:Ml_Kbn3Pf1Zk:5', '2026:Ml_Kbn3Pf1Zk:6', '2026:Ml_Kbn3Pf1Zk:7', '2026:Ml_Kbn3Pf1Zk:8', '2026:Ml_Kbn3Pf1Zk:9', '2026:Ml_L1N3Zn0Ni', '2026:Ml_L1N3Zn0Ni:1460657919', '2026:Ml_L1N40709W', '2026:Ml_L6N3Zn0Oa', '2026:Ml_L8N3Zl1Ug', '2026:Ml_L8N3Zn0Lp', '2026:Ml_L8N3Zn0Lp:1132231451', '2026:Ml_L8N3Zn1F4', '2026:Ml_L8N40Y0Yu', '2026:Ml_L8N40Y0Yu:412709105', 'Consumer Cyclical', 'Financial Services', 'Guid:Tag:Reuters.Com', 'Stock', 'Technology', 'Unknown Sector', 'Usn:Kbn3Pf1Zj', 'Usn:Kbn3Pf1Zk', 'Usn:L1N3Zn0Ni', 'Usn:L1N40709W', 'Usn:L6N3Zn0Oa', 'Usn:L8N3Zl1Ug', 'Usn:L8N3Zn0Lp', 'Usn:L8N3Zn1F4', 'Usn:L8N40Y0Yu', 'Vguid:Tag:Reuters.Com']",2026-04-15,"['adsk', 'amzn', 'bats', 'dow', 'gs', 'hpq', 'infy', 'meli', 'meta', 'nke', 'pins', 'prox', 'snap', 'team', 'tls', 'wtc', 'xyz']",Wednesday
94508565,2026-04-15,"Jane Street Invests $1 Billion inCoreWeave, Boosts Spending Plans",bloomberg.com,"['Stock', 'Technology', 'Tiingo Top', 'Unknown Sector']",2026-04-15,"['crwv', 'meta', 'msft', 'nvda']",Wednesday
94507177,2026-04-15,"BORSA USA Futures stabili, focus su trimestrali",reuters.com,"['2026:Ml_Kbn3Qs13E', '2026:Ml_Kbn3Qs13E:1', '2026:Ml_Kbn3Qs13F', '2026:Ml_Kbn3Qs13F:1', '2026:Ml_L6N40Y0Nn', '2026:Ml_L6N40Y0Nn:1270748289', 'Consumer Cyclical', 'Financial Services', 'Guid:Tag:Reuters.Com', 'Stock', 'Technology', 'Usn:Kbn3Qs13E', 'Usn:Kbn3Qs13F', 'Usn:L6N40Y0Nn', 'Vguid:Tag:Reuters.Com']",2026-04-15,"['avgo', 'bac', 'meta', 'ms', 'nke']",Wednesday
94506306,2026-04-15,Corporate America continues job cuts in 2026 in efficiency push,reuters.com,"['2026:Ml_Kbn3On1Ey', '2026:Ml_Kbn3On1Ey:1', '2026:Ml_Kbn3On1Ey:10', '2026:Ml_Kbn3On1Ey:11', '2026:Ml_Kbn3On1Ey:12', '2026:Ml_Kbn3On1Ey:13', '2026:Ml_Kbn3On1Ey:14', '2026:Ml_Kbn3On1Ey:15', '2026:Ml_Kbn3On1Ey:16', '2026:Ml_Kbn3On1Ey:2', '2026:Ml_Kbn3On1Ey:3', '2026:Ml_Kbn3On1Ey:4', '2026:Ml_Kbn3On1Ey:5', '2026:Ml_Kbn3On1Ey:6', '2026:Ml_Kbn3On1Ey:7', '2026:Ml_Kbn3On1Ey:8', '2026:Ml_Kbn3On1Ey:9', '2026:Ml_Kbn3On1Ez', '2026:Ml_Kbn3On1Ez:1', '2026:Ml_Kbn3On1Ez:10', '2026:Ml_Kbn3On1Ez:11', '2026:Ml_Kbn3On1Ez:12', '2026:Ml_Kbn3On1Ez:2', '2026:Ml_Kbn3On1Ez:3', '2026:Ml_Kbn3On1Ez:4', '2026:Ml_Kbn3On1Ez:5', '2026:Ml_Kbn3On1Ez:6', '2026:Ml_Kbn3On1Ez:7', '2026:Ml_Kbn3On1Ez:8', '2026:Ml_Kbn3On1Ez:9', '2026:Ml_L4N3Ys22G', '2026:Ml_L4N3Yu198', '2026:Ml_L4N3Yu198:1616623748', 'Basic Materials', 'Consumer Cyclical', 'Financial Services', 'Guid:Tag:Reuters.Com', 'Industrials', 'Stock', 'Technology', 'Unknown Sector', 'Usn:Kbn3On1Ey', 'Usn:Kbn3On1Ez', 'Usn:L4N3Ys22G', 'Usn:L4N3Yu198', 'Vguid:Tag:Reuters.Com']",2026-04-15,"['adsk', 'ai', 'amzn', 'angi', 'c', 'dis', 'dow', 'fdx', 'form', 'gemi', 'hd', 'ma', 'meta', 'ms', 'nke', 'pega', 'pins', 'pton', 'snap', 'team', 'trox', 'ups', 'wday', 'xyz']",Wednesday
94505505,2026-04-15,Snap to lay off about 16% of staff,reuters.com,"['2026:Ml_Kbn3Qs0Xn', '2026:Ml_Kbn3Qs0Xn:1', '2026:Ml_Kbn3Qs0Xo', '2026:Ml_Kbn3Qs0Xo:1', '2026:Ml_L4N40Y0Mn', '2026:Ml_L4N40Y0Mn:1555207420', 'Guid:Tag:Reuters.Com', 'Stock', 'Technology', 'Unknown Sector', 'Usn:Kbn3Qs0Xn', 'Usn:Kbn3Qs0Xo', 'Usn:L4N40Y0Mn', 'Vguid:Tag:Reuters.Com']",2026-04-15,"['googl', 'meta', 'pins', 'snap']",Wednesday
94504727,2026-04-15,Snap to Cut 16% of Its Workforce in Quest for Profitability,bloomberg.com,"['Stock', 'Technology', 'Tiingo Top']",2026-04-15,"['meta', 'snap']",Wednesday
94505103,2026-04-15,Wisconsin woman says Meta’s $1B data center turned her creek cloudy like milk. What now?,finance.yahoo.com,"['Communities', 'Data Centers', 'Maily Kocinski', 'Robert Kiyosaki', 'Stock', 'Technology', 'United States International Trade Commission']",2026-04-15,['meta'],Wednesday
94503516,2026-04-15,Wall Street futures hold steady; earnings in focus,reuters.com,"['2026:Ml_Kbn3Qs0T9', '2026:Ml_Kbn3Qs0T9:1', '2026:Ml_Kbn3Qs0Ta', '2026:Ml_Kbn3Qs0Ta:1', '2026:Ml_L4N40Y0O6', '2026:Ml_L4N40Y0O6:614243023', 'Consumer Cyclical', 'Financial Services', 'Guid:Tag:Reuters.Com', 'Stock', 'Technology', 'Usn:Kbn3Qs0T9', 'Usn:Kbn3Qs0Ta', 'Usn:L4N40Y0O6', 'Vguid:Tag:Reuters.Com']",2026-04-15,"['avgo', 'bac', 'meta', 'ms', 'nke']",Wednesday
94502437,2026-04-15,Is Broadcom stock a ‘Buy’ after massive AI deal with Meta?,finbold.com,"['Avgo', 'Broadcom', 'Investing', 'Stock', 'Stocks', 'Technology']",2026-04-15,"['avgo', 'brcm', 'goog', 'googl', 'meta', 'msft', 'nvda']",Wednesday
94498727,2026-04-15,Meta Platforms (META) Is Up 8.2% After Expanding AI Deals And Rolling Out Muse Spark Integration,simplywall.st,"['Stock', 'Technology']",2026-04-15,"['brcm', 'goog', 'googl', 'meta']",Wednesday
94497324,2026-04-15,Bessent Calls Anthropic’s Mythos a Breakthrough in China AI Race,bloomberg.com,"['China', 'Stock', 'Technology', 'Tiingo Top']",2026-04-15,"['googl', 'meta']",Wednesday
94496747,2026-04-15,Assessing Meta Platforms (META) Valuation After Recent Share Price Momentum,finance.yahoo.com,"['Fair Value', 'Meta Platforms', 'Stock', 'Technology', 'Total Return']",2026-04-15,['meta'],Wednesday
94495427,2026-04-14,Maine legislature approves first US moratorium on big data centers,reuters.com,"['2026:Ml_Kbn3Qr2Nz', '2026:Ml_Kbn3Qr2Nz:1', '2026:Ml_Kbn3Qr2Nz:2', '2026:Ml_Kbn3Qr2O0', '2026:Ml_Kbn3Qr2O0:1', '2026:Ml_Kbn3Qr2O0:2', '2026:Ml_L4N40X252', '2026:Ml_L4N40X252:1243423791', 'Consumer Cyclical', 'Guid:Tag:Reuters.Com', 'Stock', 'Technology', 'Usn:Kbn3Qr2Nz', 'Usn:Kbn3Qr2O0', 'Usn:L4N40X252', 'Vguid:Tag:Reuters.Com']",2026-04-14,"['amzn', 'googl', 'meta', 'msft']",Tuesday
94492879,2026-04-14,Meta inks deal with Broadcom for custom AI chips,reuters.com,"['2026:Ml_Kbn3Qr2Kj', '2026:Ml_Kbn3Qr2Kj:1', '2026:Ml_Kbn3Qr2Kk', '2026:Ml_Kbn3Qr2Kk:1', '2026:Ml_L4N40X21J', '2026:Ml_L4N40X21J:1710297903', 'Guid:Tag:Reuters.Com', 'Stock', 'Technology', 'Usn:Kbn3Qr2Kj', 'Usn:Kbn3Qr2Kk', 'Usn:L4N40X21J', 'Vguid:Tag:Reuters.Com']",2026-04-14,"['avgo', 'brcm', 'meta']",Tuesday
94493436,2026-04-14,"Meta, Broadcom Deepen Ties on Chips; Tan Departs Meta’s Board",bloomberg.com,"['Consumer Defensive', 'Stock', 'Technology', 'Tiingo Top']",2026-04-14,"['avgo', 'brcm', 'el', 'meta']",Tuesday
94492272,2026-04-14,"Broadcom Announces Extended Partnership with Meta to Deploy Technology to Support Multi-Gigawatts of Meta’s Custom Silicon, MTIA",globenewswire.com,"['Broadcom Inc.', 'Nasdaq:Avgo', 'Stock', 'Technology']",2026-04-14,"['avgo', 'brcm', 'meta']",Tuesday
94492918,2026-04-14,"Broadcom Announces Extended Partnership with Meta to Deploy Technology to Support Multi-Gigawatts of Meta’s Custom Silicon, MTIA",finance.yahoo.com,"['Broadcom', 'Infrastructure', 'Mtia', 'Stock', 'Technology']",2026-04-14,"['avgo', 'brcm', 'meta']",Tuesday
94484825,2026-04-14,"Meta (META) Stock Trades Up, Here Is Why",stockstory.org,"['Stock', 'Stockstory', 'Technology', 'Tiingo Top', 'Why-It-Moves-Single']",2026-04-14,"['goog', 'googl', 'meta']",Tuesday
94484506,2026-04-14,Why Advanced Micro Devices Shares Are Gaining Today,finance.yahoo.com,"['Advanced Micro Devices', 'Gf Securities', 'Gurufocus', 'Jeff Pu', 'Stock', 'Technology', 'Unknown Sector']",2026-04-14,"['000776', 'amd', 'meta']",Tuesday
94483024,2026-04-14,Italy court allows class action against Meta over Facebook data scraping,reuters.com,"['2026:Ml_Kbn3Qr1Y1', '2026:Ml_Kbn3Qr1Y1:1', '2026:Ml_Kbn3Qr1Y1:2', '2026:Ml_Kbn3Qr1Y2', '2026:Ml_Kbn3Qr1Y2:1', '2026:Ml_L8N40X1Sh', '2026:Ml_L8N40X1Sh:1393439682', 'Guid:Tag:Reuters.Com', 'Italy', 'Stock', 'Technology', 'Usn:Kbn3Qr1Y1', 'Usn:Kbn3Qr1Y2', 'Usn:L8N40X1Sh', 'Vguid:Tag:Reuters.Com']",2026-04-14,['meta'],Tuesday
94482187,2026-04-14,Tribunale Milano ammette class action contro Meta per furto dati Facebook,reuters.com,"['2026:Ml_Kbn3Qr1Zg', '2026:Ml_Kbn3Qr1Zg:1', '2026:Ml_Kbn3Qr1Zh', '2026:Ml_Kbn3Qr1Zh:1', '2026:Ml_L8N40X1Wv', '2026:Ml_L8N40X1Wv:222685395', 'Guid:Tag:Reuters.Com', 'Stock', 'Technology', 'Usn:Kbn3Qr1Zg', 'Usn:Kbn3Qr1Zh', 'Usn:L8N40X1Wv', 'Vguid:Tag:Reuters.Com']",2026-04-14,['meta'],Tuesday
94481990,2026-04-14,Why Did Analysts Lower Meta Platforms (META) Price Target Despite Nvidia Partnership?,insidermonkey.com,"['Stock', 'Technology']",2026-04-14,['meta'],Tuesday
94483328,2026-04-14,Why Did Analysts Lower Meta Platforms (META) Price Target Despite Nvidia Partnership?,finance.yahoo.com,"['Financial Services', 'Inc.', 'Justin Patterson', 'Meta Platforms', 'Price Target', 'Stock', 'Technology', 'Unknown Sector']",2026-04-14,"['meta', 'wfc', 'wfc-ws']",Tuesday
94480638,2026-04-14,Meta Released a New AI Model. Should You Buy the Stock Now?,finance.yahoo.com,"['Alexandr Wang', 'Communication Services', 'Consumer Cyclical', 'Mark Zuckerberg', 'Meta Platforms', 'Muse Spark', 'Stock', 'Technology']",2026-04-14,"['goog', 'googl', 'intc', 'iqnt', 'meta', 'nflx', 'nvda']",Tuesday
94477131,2026-04-14,"South Africa wins record investment pledges, but delivery gap persists",reuters.com,"['2026:Ml_Kbn3Qr1Fh', '2026:Ml_Kbn3Qr1Fh:1', '2026:Ml_Kbn3Qr1Fi', '2026:Ml_Kbn3Qr1Fi:1', '2026:Ml_L6N40R0O6', '2026:Ml_L6N40R0O6:72580519', '2026:Ml_M1L6N40R0O6', '2026:Ml_M1L6N40R0O6:72580519', 'Financial Services', 'Guid:Tag:Reuters.Com', 'South Africa', 'Stock', 'Technology', 'Unknown Sector', 'Usn:Kbn3Qr1Fh', 'Usn:Kbn3Qr1Fi', 'Usn:L6N40R0O6', 'Usn:M1L6N40R0O6', 'Vguid:Tag:Reuters.Com']",2026-04-14,"['meta', 'prx', 'uber', 'v']",Tuesday
